﻿<?xml version="1.0" encoding="UTF-8" standalone="yes"?>
<addon id="repository.fivebanger" name="fivebanger's KODI Add-ons" version="1.0.0" provider-name="fivebanger">
	<extension point="xbmc.addon.repository" name="fivebanger's Kodi Add-on Repository">
        <info compressed="false">https://raw.githubusercontent.com/fivebanger/kodi_addons/master/addons.xml</info>
        <checksum>https://raw.githubusercontent.com/fivebanger/kodi_addons/master/addons.xml.md5</checksum>
        <datadir zip="true">https://raw.githubusercontent.com/fivebanger/kodi_addons/master/</datadir>
	</extension>
	<extension point="xbmc.addon.metadata">
		<summary>Install fivebanger's Add-ons</summary>
		<description>Download and install addons by fivebanger</description>
		<platform>all</platform>
	</extension>
</addon>
