<?xml version="1.0" encoding="UTF-8"?>
<addon id="plugin.video.pubtv" version="0.0.26" name="PubTV" provider-name="Stargazer">
    <requires>
        <!--import addon="xbmc.python" version="2.14.0"/-->
        <import addon="script.module.requests" version="2.18.4"/>
    </requires>
    <extension point="xbmc.python.pluginsource" library="addon.py">
        <provides>video</provides>
    </extension>
    <extension point="xbmc.addon.metadata">
        <platform>all</platform>
        <summary lang="en">German public TV</summary>
        <description>AddOn to access German public TV media center.</description>
        <disclaimer> 
        </disclaimer>
        <assets>
          <icon>icon.png</icon>
          <fanart>fanart.jpg</fanart>
        </assets>
    </extension>
</addon>
