<?xml version="1.0" encoding="UTF-8"?>
<addon id="plugin.audio.radiobrowser_info" name="Radiobrowser" provider-name="fivebanger" version="1.0.0">
  <requires>
    <import addon="xbmc.python" version="3.0.0" />
    <import addon="script.module.requests" version="2.18.4"/>
  </requires>
  <extension library="addon.py" point="xbmc.python.pluginsource">
    <provides>audio</provides>
  </extension>
  <extension point="xbmc.addon.metadata">
    <platform>all</platform>
    <summary lang="en">Online radio</summary>
    <description>Add-on to access broadcast streams provided by radiob-rowser.info.</description>
    <assets>
      <icon>icon.png</icon>
      <fanart>fanart.jpg</fanart>
    </assets>
  </extension>
</addon>
